"","reads.in","reads.out"
"lane1-s001-index--TACTAGGT-AAGCAGCA-A3_3x3_A2_S1_R1_001.fastq.gz",63210,58304
"lane1-s002-index--ACGTACGT-AAGCAGCA-A4_Open_A2_S2_R1_001.fastq.gz",46478,42883
"lane1-s003-index--CGCGATAT-AAGCAGCA-A4_Open_A7_S3_R1_001.fastq.gz",41516,38066
"lane1-s004-index--CTATCGTG-AAGCAGCA-A4_1x1_A1_S4_R1_001.fastq.gz",43960,39072
"lane1-s005-index--GCGATACG-AAGCAGCA-A3_1x1_A2_S5_R1_001.fastq.gz",34697,31327
"lane1-s006-index--AGTCGCAG-AAGCAGCA-A4_3x3_A5_S6_R1_001.fastq.gz",62681,57512
"lane1-s007-index--GTTACAGC-AAGCAGCA-A3_1x1_A3_S7_R1_001.fastq.gz",36602,31351
"lane1-s008-index--TAACGTCC-AAGCAGCA-A4_3x3_A10_S8_R1_001.fastq.gz",42152,38653
"lane1-s009-index--CTACGACC-AAGCAGCA-A3_3x3_A1_S9_R1_001.fastq.gz",38009,34777
"lane1-s010-index--GAGACTTA-AAGCAGCA-A4_1x1_A4_S10_R1_001.fastq.gz",44330,40810
"lane1-s011-index--ACTGTGTA-AAGCAGCA-A4_1x1_A9_S11_R1_001.fastq.gz",39964,37238
"lane1-s012-index--TGCGTCAA-AAGCAGCA-A3_Open_A6_S12_R1_001.fastq.gz",28204,25957
"lane1-s013-index--CGAGAGTT-ACGCGTGA-A4_3x3_A8_S13_R1_001.fastq.gz",41846,37781
"lane1-s014-index--ACGTACGT-ACGCGTGA-A4_2x2_A4_S14_R1_001.fastq.gz",27013,24900
"lane1-s015-index--GACATAGT-ACGCGTGA-A4_Open_A1_S15_R1_001.fastq.gz",51793,47262
"lane1-s016-index--ACGCTACT-ACGCGTGA-A4_1x1_A7_S16_R1_001.fastq.gz",30522,28010
"lane1-s017-index--GCGATACG-ACGCGTGA-A4_2x2_A1_S17_R1_001.fastq.gz",25848,23161
"lane1-s018-index--ACTCACTG-ACGCGTGA-A4_3x3_A1_S18_R1_001.fastq.gz",28303,26092
"lane1-s019-index--GTTACAGC-ACGCGTGA-A4_2x2_A8_S19_R1_001.fastq.gz",39448,36190
"lane1-s020-index--TAACGTCC-ACGCGTGA-A3_2x2_A6_S20_R1_001.fastq.gz",30330,26913
"lane1-s021-index--CTACGACC-ACGCGTGA-A4_2x2_A3_S21_R1_001.fastq.gz",39640,36161
"lane1-s022-index--GAGACTTA-ACGCGTGA-A4_3x3_A4_S22_R1_001.fastq.gz",47640,43520
"lane1-s023-index--ACTGTGTA-ACGCGTGA-A4_Open_A6_S23_R1_001.fastq.gz",51543,46538
"lane1-s024-index--TGCGTCAA-ACGCGTGA-A4_1x1_A5_S24_R1_001.fastq.gz",30150,27651
"lane1-s025-index--TACTAGGT-CGATCTAC-A3_Open_A14_S25_R1_001.fastq.gz",36093,33464
"lane1-s026-index--ACGTACGT-CGATCTAC-A4_2x2_A6_S26_R1_001.fastq.gz",25981,24083
"lane1-s027-index--CGCGATAT-CGATCTAC-A3_2x2_A4_S27_R1_001.fastq.gz",11789,10251
"lane1-s028-index--CTATCGTG-CGATCTAC-A4_3x3_A7_S28_R1_001.fastq.gz",27957,25744
"lane1-s029-index--GCGATACG-CGATCTAC-A3_2x2_A7_S29_R1_001.fastq.gz",21138,19036
"lane1-s030-index--AGTCGCAG-CGATCTAC-A3_3x3_A7_S30_R1_001.fastq.gz",37931,35098
"lane1-s031-index--GTTACAGC-CGATCTAC-A3_Open_A4_S31_R1_001.fastq.gz",36588,33700
"lane1-s032-index--TAACGTCC-CGATCTAC-A3_Open_A7_S32_R1_001.fastq.gz",39735,36576
"lane1-s033-index--CTACGACC-CGATCTAC-A4_3x3_A11_S33_R1_001.fastq.gz",30622,28134
"lane1-s034-index--GAGACTTA-CGATCTAC-A4_1x1_A2_S34_R1_001.fastq.gz",29807,27706
"lane1-s035-index--TACTAGGT-TGCGTCAC-D1_2x2_A1_S35_R1_001.fastq.gz",30160,27716
"lane1-s036-index--CGAGAGTT-TGCGTCAC-C2_1x1_A1_S36_R1_001.fastq.gz",30855,28370
"lane1-s037-index--ACGTACGT-TGCGTCAC-B1_1x1_A7_S37_R1_001.fastq.gz",9,4
"lane1-s038-index--CTATCGTG-TGCGTCAC-C2_Open_A3_S38_R1_001.fastq.gz",27551,25324
"lane1-s039-index--GCGATACG-TGCGTCAC-B1_1x1_A6_S39_R1_001.fastq.gz",23684,21036
"lane1-s040-index--TGAGTACG-ACGCGTGA-B1_3x3_A7_S40_R1_001.fastq.gz",32345,28934
"lane1-s041-index--GTTACAGC-TGCGTCAC-A3_Open_A11_S41_R1_001.fastq.gz",25478,23490
"lane1-s042-index--TAACGTCC-TGCGTCAC-A4_3x3_A3_S42_R1_001.fastq.gz",26491,24433
"lane1-s043-index--CTACGACC-TGCGTCAC-A4_1x1_A3_S43_R1_001.fastq.gz",44413,40892
"lane1-s044-index--GAGACTTA-TGCGTCAC-D1_3x3_A3_S44_R1_001.fastq.gz",56251,51899
"lane1-s045-index--ACTGTGTA-TGCGTCAC-B1_3x3_A11_S45_R1_001.fastq.gz",70976,65758
"lane1-s046-index--ACGTACGT-GTCTAGTG-B1_2x2_A6_S46_R1_001.fastq.gz",47641,44071
"lane1-s047-index--CGCGATAT-GTCTAGTG-D1_3x3_A1_S47_R1_001.fastq.gz",49012,45036
"lane1-s048-index--CTATCGTG-GTCTAGTG-B1_3x3_A18_S48_R1_001.fastq.gz",41622,37874
"lane1-s049-index--CTGCGTAG-ACGCGTGA-B1_1x1_A8_S49_R1_001.fastq.gz",31656,28572
"lane1-s050-index--TAGTCTCC-ACGCGTGA-D1_Open_A5_S50_R1_001.fastq.gz",30003,27177
"lane1-s051-index--GTTACAGC-GTCTAGTG-B1_3x3_A5_S51_R1_001.fastq.gz",41882,38762
"lane1-s052-index--TAACGTCC-GTCTAGTG-B1_3x3_A16_S52_R1_001.fastq.gz",43952,39249
"lane1-s053-index--CGAGCGAC-ACGCGTGA-B1_2x2_A4_S53_R1_001.fastq.gz",35106,31133
"lane1-s054-index--GAGACTTA-GTCTAGTG-B1_3x3_A8_S54_R1_001.fastq.gz",49126,45197
"lane1-s055-index--ACTACGAC-ACGCGTGA-B1_2x2_A7_S55_R1_001.fastq.gz",39583,36436
"lane1-s056-index--CAGTAGGT-TCGACGAG-C2_1x1_P5_S56_R1_001.fastq.gz",37190,32593
"lane1-s057-index--TCTAGACT-CTAGTATG-D1_Open_A1_S57_R1_001.fastq.gz",35149,32244
"lane1-s058-index--TCCTCATG-CTAGTATG-B1_2x2_A5_S58_R1_001.fastq.gz",34318,31097
"lane1-s059-index--CTCTAGAG-CTAGTATG-B1_2x2_A2_S59_R1_001.fastq.gz",54789,48580
"lane1-s060-index--ATGAGCTC-CTAGTATG-D1_Open_A3_S60_R1_001.fastq.gz",48634,45159
"lane1-s061-index--AGCATACC-CTAGTATG-B1_3x3_A6_S61_R1_001.fastq.gz",42836,38727
"lane1-s062-index--TCAGTCTA-CTAGTATG-D1_Open_A6_S62_R1_001.fastq.gz",45964,41638
"lane1-s063-index--CGAGAGTT-TCGACGAG-D1_3x3_A7_S63_R1_001.fastq.gz",48558,44614
"lane1-s064-index--GACATAGT-TCGACGAG-D1_3x3_A4_S64_R1_001.fastq.gz",35660,32772
"lane1-s065-index--ACGCTACT-TCGACGAG-C2_Open_A4_S65_R1_001.fastq.gz",39988,37161
"lane1-s066-index--ATAGCGCT-TCGACGAG-C2_1x1_A3_S66_R1_001.fastq.gz",23497,18258
"lane1-s067-index--TCTAGACT-TCGACGAG-C2_2x2_A2_1_S67_R1_001.fastq.gz",34302,26919
"lane1-s068-index--TAGTCTCC-TGCGTCAC-D1_1x1_A4_S68_R1_001.fastq.gz",21638,19583
"lane1-s069-index--ACTACGAC-TACGAGAC-C2_Open_A1_S69_R1_001.fastq.gz",53262,49658
"lane1-s070-index--GTCTATGA-TACGAGAC-B1_3x3_A3_questionmark_S70_R1_001.fastq.gz",46477,41944
"lane1-s071-index--TATAGCGA-TACGAGAC-B1_1x1_A3_S71_R1_001.fastq.gz",39884,36655
"lane1-s072-index--CGAGAGTT-ACGTCTCG-C2_Open_A7_S72_R1_001.fastq.gz",31970,28689
"lane1-s073-index--GACATAGT-ACGTCTCG-C2_Open_A2_S73_R1_001.fastq.gz",43634,39485
"lane1-s074-index--ACGCTACT-ACGTCTCG-D1_Open_A2_S74_R1_001.fastq.gz",35566,32542
"lane1-s075-index--ACTCACTG-ACGTCTCG-B1_3x3_A9_S75_R1_001.fastq.gz",13,2
"lane1-s076-index--TGAGTACG-ACGTCTCG-D1_1x1_A2_S76_R1_001.fastq.gz",37300,33797
"lane1-s077-index--CTGCGTAG-ACGTCTCG-B1_3x3_A13_S77_R1_001.fastq.gz",35051,31853
"lane1-s078-index--TAGTCTCC-ACGTCTCG-B1_3x3_A15_S78_R1_001.fastq.gz",42925,39253
"lane1-s079-index--GTCTATGA-ACGTCTCG-B1_1x1_A2_S79_R1_001.fastq.gz",38892,36055
"lane1-s080-index--TATAGCGA-ACGTCTCG-B1_2x2_A8_S80_R1_001.fastq.gz",42678,39108
"lane1-s081-index--CATCGTGA-TCTACACT-B1_1x1_A1_S81_R1_001.fastq.gz",39101,35801
"lane1-s082-index--GAGCTCGA-TCTACACT-B2_1x1_A4_S82_R1_001.fastq.gz",78200,72714
"lane1-s083-index--ATAGCGCT-ACGACGTG-B2_1x1_A15_S83_R1_001.fastq.gz",36891,34098
"lane1-s084-index--TCTAGACT-ACGACGTG-B2_1x1_A9_S84_R1_001.fastq.gz",25491,23317
"lane1-s085-index--TCCTCATG-ACGACGTG-B2_1x1_A8_S85_R1_001.fastq.gz",29706,26444
"lane1-s086-index--CGAGCTAG-ACGACGTG-B2_1x1_A7_S86_R1_001.fastq.gz",30768,27894
"lane1-s087-index--CTCTAGAG-ACGACGTG-B2_3x3_A6_1_S87_R1_001.fastq.gz",40449,36630
"lane1-s088-index--CGTCATAC-ACGACGTG-B2_1x1_A2_S88_R1_001.fastq.gz",38555,34854
"lane1-s089-index--TCAGTCTA-ACGACGTG-B2_1x1_A3_S89_R1_001.fastq.gz",32468,29295
"lane1-s090-index--CATCGTGA-ACGACGTG-C2_3x3_A10_S90_R1_001.fastq.gz",35600,30631
"lane1-s091-index--GAGCTCGA-ACGACGTG-C2_3x3_A11_S91_R1_001.fastq.gz",26997,24751
"lane1-s092-index--CTCGACTT-ATATACAC-B2_Open_A1_S92_R1_001.fastq.gz",45381,42364
"lane1-s093-index--CGAAGTAT-ATATACAC-C4_2x2_A2_S93_R1_001.fastq.gz",59088,54635
"lane1-s094-index--TAGCAGCT-ATATACAC-C2_3x3_A1_S94_R1_001.fastq.gz",87462,81968
"lane1-s095-index--TCTCTATG-ATATACAC-C2_3x3_A5_S95_R1_001.fastq.gz",65693,61845
"lane1-s096-index--GATCTACG-ATATACAC-B2_1x1_A13_S96_R1_001.fastq.gz",62861,58305
"lane1-s097-index--GTAACGAG-ATATACAC-B2_Open_A4_S97_R1_001.fastq.gz",60041,56201
"lane1-s098-index--ACGTGCGC-ATATACAC-B1_3x3_A1_S98_R1_001.fastq.gz",77171,73549
"lane1-s099-index--ATAGTACC-ATATACAC-B1_Open_A5_S99_R1_001.fastq.gz",38920,35697
"lane1-s100-index--GCGTATAC-ATATACAC-B2_Open_A7_S100_R1_001.fastq.gz",94000,88882
"lane1-s101-index--TGCTCGTA-ATATACAC-C2_3x3_A4_S101_R1_001.fastq.gz",62074,58369
"lane1-s102-index--AACGCTGA-ATATACAC-B2_Open_A9_S102_R1_001.fastq.gz",33842,29433
"lane1-s103-index--TCCTCATG-TCGACGAG-B1_Open_A2_S103_R1_001.fastq.gz",30156,27051
"lane1-s104-index--CTCGACTT-CGTCGCTA-B2_3x3_A6_2_S104_R1_001.fastq.gz",66579,62097
"lane1-s105-index--CGAAGTAT-CGTCGCTA-B1_Open_A6_S105_R1_001.fastq.gz",57941,53452
"lane1-s106-index--TAGCAGCT-CGTCGCTA-C2_3x3_A3_S106_R1_001.fastq.gz",84768,80062
"lane1-s107-index--GACATAGT-CGATCTAC-C2_2x2_A2_2_S107_R1_001.fastq.gz",31295,27586
"lane1-s108-index--GATCTACG-CGTCGCTA-B2_Open_A2_S108_R1_001.fastq.gz",85439,78321
"lane1-s109-index--CGAGCTAG-TCGACGAG-B2_2x2_A2_S109_R1_001.fastq.gz",15891,9977
"lane1-s110-index--ACGTGCGC-CGTCGCTA-B2_1x1_A16_S110_R1_001.fastq.gz",83162,78415
"lane1-s111-index--ATAGTACC-CGTCGCTA-B2_1x1_P17_S111_R1_001.fastq.gz",72973,67650
"lane1-s112-index--ACGCTACT-CGATCTAC-C2_2x2_A5_S112_R1_001.fastq.gz",28424,26375
"lane1-s113-index--TGCTCGTA-CGTCGCTA-C2_3x3_A6_S113_R1_001.fastq.gz",51972,48302
"lane1-s114-index--AACGCTGA-CGTCGCTA-C2_3x3_A2_S114_R1_001.fastq.gz",35332,32606
"lane1-s115-index--CGTAGCGA-CGTCGCTA-B2_3x3_A2_S115_R1_001.fastq.gz",48010,44068
"lane1-s116-index--ACTCACTG-CGATCTAC-C2_3x3_A9_S116_R1_001.fastq.gz",31426,28550
"lane1-s117-index--CTCTAGAG-TCGACGAG-B2_2x2_A1_S117_R1_001.fastq.gz",30875,27659
"lane1-s118-index--TAGCAGCT-CTAGAGCT-C2_3x3_A7_S118_R1_001.fastq.gz",41184,37274
"lane1-s119-index--ATGAGCTC-TCGACGAG-B2_3x3_A7_S119_R1_001.fastq.gz",25497,20565
"lane1-s120-index--GATCTACG-CTAGAGCT-B2_Open_A8_S120_R1_001.fastq.gz",48377,45235
"lane1-s121-index--ACGTGCGC-CTAGAGCT-B2_1x1_P1_S121_R1_001.fastq.gz",74216,69899
"lane1-s122-index--ATAGTACC-CTAGAGCT-B1_Open_A3_S122_R1_001.fastq.gz",61065,49146
"lane1-s123-index--GCGTATAC-CTAGAGCT-B2_Open_A6_S123_R1_001.fastq.gz",71070,66669
"lane1-s124-index--TGCTCGTA-CTAGAGCT-B2_1x1_A14_S124_R1_001.fastq.gz",78461,74002
"lane1-s125-index--AACGCTGA-CTAGAGCT-B2_1x1_A6_S125_R1_001.fastq.gz",37075,33795
"lane1-s126-index--CGTAGCGA-CTAGAGCT-C4_2x2_A11_S126_R1_001.fastq.gz",41698,38300
"lane1-s127-index--CTCGACTT-GCTCTAGT-C4_1x1_A10_S127_R1_001.fastq.gz",73914,34513
"lane1-s128-index--CGAAGTAT-GCTCTAGT-C4_1x1_A6_S128_R1_001.fastq.gz",50194,46866
"lane1-s129-index--TAGCAGCT-GCTCTAGT-D3_Open_A1_S129_R1_001.fastq.gz",43656,39448
"lane1-s130-index--GATCTACG-GCTCTAGT-D3_1x1_A2_S130_R1_001.fastq.gz",62113,57636
"lane1-s131-index--ACGTGCGC-GCTCTAGT-D3_Open_A12_S131_R1_001.fastq.gz",61624,58119
"lane1-s132-index--ATAGTACC-GCTCTAGT-D3_Open_A9_S132_R1_001.fastq.gz",66667,53408
"lane1-s133-index--GCGTATAC-GCTCTAGT-D3_Open_A14_S133_R1_001.fastq.gz",47945,29966
"lane1-s134-index--TGCTCGTA-GCTCTAGT-D3_1x1_A1_S134_R1_001.fastq.gz",79421,74954
"lane1-s135-index--CGAGAGTT-GACACTGA-D3_2x2_A5_S135_R1_001.fastq.gz",52324,47412
"lane1-s136-index--GACATAGT-GACACTGA-D3_3x3_A2_S136_R1_001.fastq.gz",73044,67281
"lane1-s137-index--ACGCTACT-GACACTGA-D3_1x1_A5_S137_R1_001.fastq.gz",55709,52566
"lane1-s138-index--ACTCACTG-GACACTGA-D3_1x1_A6_S138_R1_001.fastq.gz",26263,25290
"lane1-s139-index--TGAGTACG-GACACTGA-D3_1x1_A11_S139_R1_001.fastq.gz",52111,48384
"lane1-s140-index--CTGCGTAG-GACACTGA-C4_1x1_A11_S140_R1_001.fastq.gz",20687,18805
"lane1-s141-index--TAGTCTCC-GACACTGA-C4_1x1_A2_S141_R1_001.fastq.gz",71389,66662
"lane1-s142-index--CGAGCGAC-GACACTGA-C4_2x2_A7_S142_R1_001.fastq.gz",55094,50949
"lane1-s143-index--ACTACGAC-GACACTGA-C4_3x3_A5_S143_R1_001.fastq.gz",65104,61500
"lane1-s144-index--GTCTGCTA-GACACTGA-C4_2x2_A14_S144_R1_001.fastq.gz",76815,71920
"lane1-s145-index--GTCTATGA-GACACTGA-C4_2x2_A6_S145_R1_001.fastq.gz",97596,91826
"lane1-s146-index--TATAGCGA-GACACTGA-C4_Open_A4_S146_R1_001.fastq.gz",82070,77103
"lane1-s147-index--CGAGAGTT-TGCGTACG-C4_1x1_A4_S147_R1_001.fastq.gz",67926,61911
"lane1-s148-index--GACATAGT-TGCGTACG-D3_Open_A11_S148_R1_001.fastq.gz",93537,87766
"lane1-s149-index--ACGCTACT-TGCGTACG-C4_3x3_A3_S149_R1_001.fastq.gz",76816,72322
"lane1-s150-index--ACTCACTG-TGCGTACG-D3_2x2_A1_S150_R1_001.fastq.gz",71096,67148
"lane1-s151-index--TGAGTACG-TGCGTACG-D3_1x1_A9_S151_R1_001.fastq.gz",79152,73526
"lane1-s152-index--CTGCGTAG-TAGCGAGT-D3_Open_A2_S152_R1_001.fastq.gz",3,0
"lane1-s153-index--TAGTCTCC-TGCGTACG-D3_1x1_A12_S153_R1_001.fastq.gz",66799,62334
"lane1-s154-index--CGAGCGAC-TGCGTACG-D3_Open_A4_S154_R1_001.fastq.gz",57752,53541
"lane1-s155-index--ACTACGAC-TGCGTACG-C4_Open_A5_S155_R1_001.fastq.gz",71792,66959
"lane1-s156-index--GTCTGCTA-TGCGTACG-D3_Open_A10_S156_R1_001.fastq.gz",74260,69519
"lane1-s157-index--GTCTATGA-TGCGTACG-D3_Open_A7_S157_R1_001.fastq.gz",72785,68299
"lane1-s158-index--CTGCGTAG-CGATCTAC-D3_3x3_A4_S158_R1_001.fastq.gz",29671,27453
"lane1-s159-index--TAGTCTCC-CGATCTAC-D3_3x3_A5_S159_R1_001.fastq.gz",35489,32684
"lane1-s160-index--GACATAGT-TAGTGTAG-C4_Open_A6_S160_R1_001.fastq.gz",79015,73887
"lane1-s161-index--CGAGCGAC-CGATCTAC-C4_Open_A1_S161_R1_001.fastq.gz",29765,27453
"lane1-s162-index--ACTACGAC-CGATCTAC-C4_3x3_A7_S162_R1_001.fastq.gz",33332,31112
"lane1-s163-index--GTCTGCTA-CGATCTAC-D3_Open_A3_S163_R1_001.fastq.gz",34741,31874
"lane1-s164-index--GTCTATGA-CGATCTAC-C4_1x1_A7_S164_R1_001.fastq.gz",38073,35078
"lane1-s165-index--TAGTCTCC-TAGTGTAG-D3_1x1_A13_S165_R1_001.fastq.gz",65552,61352
"lane1-s166-index--CGAGCGAC-TAGTGTAG-D3_2x2_A3_S166_R1_001.fastq.gz",60971,56552
"lane1-s167-index--ACTACGAC-TAGTGTAG-D3_3x3_A1_S167_R1_001.fastq.gz",83289,78498
"lane1-s168-index--GTCTATGA-TAGTGTAG-C4_1x1_A12_S168_R1_001.fastq.gz",92356,84074
"lane1-s169-index--TATAGCGA-TAGTGTAG-D3_Open_A6_S169_R1_001.fastq.gz",92336,86615
"lane1-s170-index--CTCGACTT-CTACTATA-C4_1x1_A1_S170_R1_001.fastq.gz",41881,38905
"lane1-s171-index--CGAAGTAT-CTACTATA-D3_1x1_A3_S171_R1_001.fastq.gz",40086,37023
"lane1-s172-index--TAGCAGCT-CTACTATA-C4_1x1_A8_S172_R1_001.fastq.gz",41598,38272
"lane1-s173-index--TCTCTATG-CTACTATA-C4_3x3_A2_S173_R1_001.fastq.gz",30621,28253
"lane1-s174-index--GATCTACG-CTACTATA-C4_Open_A2_S174_R1_001.fastq.gz",38467,35580
"lane1-s175-index--GTAACGAG-CTACTATA-C4_2x2_A1_S175_R1_001.fastq.gz",37039,33773
"lane1-s176-index--ACGTGCGC-CTACTATA-C4_1x1_A3_S176_R1_001.fastq.gz",32551,30380
"lane1-s177-index--ATAGTACC-CTACTATA-D3_Open_A13_S177_R1_001.fastq.gz",181234,167349
"lane1-s178-index--GCGTATAC-CTACTATA-A3_Open_A8_S178_R1_001.fastq.gz",28978,26282
"lane1-s179-index--TGCTCGTA-CTACTATA-A4_1x1_A10_S179_R1_001.fastq.gz",26395,22431
"lane1-s180-index--AACGCTGA-CTACTATA-A3_2x2_A3_S180_R1_001.fastq.gz",44707,41331
"lane1-s181-index--CGTAGCGA-CTACTATA-A3_2x2_A8_S181_R1_001.fastq.gz",25755,23731
"lane1-s182-index--CTCGACTT-CGTTACTA-A3_Open_A5_S182_R1_001.fastq.gz",5,2
"lane1-s183-index--CGAAGTAT-CGTTACTA-A3_2x2_A1_S183_R1_001.fastq.gz",13,5
"lane1-s184-index--GATCTACG-CGTTACTA-A3_1x1_A6_S184_R1_001.fastq.gz",13,4
"lane1-s185-index--GTAACGAG-CGTTACTA-A3_1x1_A4_S185_R1_001.fastq.gz",13,5
"lane1-s186-index--ACGTGCGC-CGTTACTA-A3_2x2_A2_S186_R1_001.fastq.gz",10,1
"lane1-s187-index--ATAGTACC-CGTTACTA-A3_3x3_A6_S187_R1_001.fastq.gz",28,8
"lane1-s188-index--GCGTATAC-CGTTACTA-A3_3x3_A4_S188_R1_001.fastq.gz",6,2
"lane1-s189-index--AACGCTGA-CGTTACTA-A4_3x3_A2_S189_R1_001.fastq.gz",8,4
"lane1-s190-index--CGTAGCGA-CGTTACTA-A3_1x1_A5_S190_R1_001.fastq.gz",8,3
"lane1-s191-index--CTCGACTT-AGAGTCAC-A4_1x1_A6_S191_R1_001.fastq.gz",6,1
"lane1-s192-index--CGAAGTAT-AGAGTCAC-A3_Open_A1_S192_R1_001.fastq.gz",3,2
"lane1-s193-index--TAGCAGCT-AGAGTCAC-A4_Open_A5_S193_R1_001.fastq.gz",12,4
"lane1-s194-index--TCTCTATG-AGAGTCAC-A3_Open_A3_S194_R1_001.fastq.gz",6,2
"lane1-s195-index--ACTGTGTA-GTCTAGTG-NC1_S195_R1_001.fastq.gz",7,1
"lane1-s196-index--AGCATACC-ACGACGTG-NC2_S196_R1_001.fastq.gz",2,0
"lane1-s197-index--CGTAGCGA-GCTCTAGT-NC3_S197_R1_001.fastq.gz",249,212
